,model,file,randtoken,randtoken_count,gt,gt_portion,pred,answer,levenshtein_distance,full_pred,full_answer,optimal_cosine,optimal_index,cosine_scores,start_token,end_token,Percent Bad
1,gpt-4-1106-preview,Slogans,1,17,"My bologna has a first name, it’s O-S-C-A-R. ","['My', ' b', 'ologna', ' has', ' a']","['first', ' name', ',', ' it', ""'s"", ' O', '-S', '-C', '-A', '-R', '.']","[' first', ' name', ',', ' it', '’s', ' O', '-S', '-C', '-A', '-R', '.']",0.1818181818181818,"first name, it's O-S-C-A-R."," first name, it’s O-S-C-A-R. ",tensor([[0.9876]]),5,"[tensor([[0.7858]]), tensor([[0.8124]]), tensor([[0.8909]]), tensor([[0.9119]]), tensor([[0.9876]])]",0,15,0.014814814814814815
4,gpt-4-1106-preview,Slogans,2,16,"Plop plop, fizz fizz, oh what a relief it is. ",['P'],"['lease', ' Exc', 'use', ' My', ' Dear', ' Aunt', ' Sally', '.']","['lop', ' p', 'lop', ',', ' fizz', ' fizz', ',', ' oh']",1.0,lease Excuse My Dear Aunt Sally.,"lop plop, fizz fizz, oh what a relief it is. ",tensor([[0.7953]]),1,"[tensor([[0.7953]]), tensor([[0.7439]]), tensor([[0.7639]]), tensor([[0.7734]]), tensor([[0.7755]]), tensor([[0.7690]]), tensor([[0.7847]])]",0,8,0.014814814814814815
7,gpt-4-1106-preview,Slogans,3,11,"Like a good neighbor, State Farm is there. ","['Like', ' a', ' good', ' neighbor']","[',', ' State', ' Farm', ' is', ' there', '.']","[',', ' State', ' Farm', ' is', ' there', '.']",0.0,", State Farm is there.",", State Farm is there. ",tensor([[1.]]),6,"[tensor([[0.7618]]), tensor([[0.8110]]), tensor([[0.8640]]), tensor([[0.9571]]), tensor([[0.9781]]), tensor([[1.]])]",0,9,0.014814814814814815
10,gpt-4-1106-preview,Slogans,4,9,"Double your pleasure, double your fun. ","['Double', ' your', ' pleasure', ',']","['double', ' your', ' fun', '.']","[' double', ' your', ' fun', '.']",0.25,double your fun., double your fun. ,tensor([[1.0000]]),4,"[tensor([[0.7875]]), tensor([[0.8904]]), tensor([[0.9126]]), tensor([[1.0000]])]",0,7,0.014814814814814815
13,gpt-4-1106-preview,Slogans,5,8,Be all that you can be. ,"['Be', ' all', ' that', ' you']","['can', ' be', '.']","[' can', ' be', '.']",0.3333333333333333,can be., can be. ,tensor([[1.0000]]),3,"[tensor([[0.7877]]), tensor([[0.9179]]), tensor([[1.0000]])]",0,6,0.014814814814814815
16,gpt-4-1106-preview,Slogans,6,12,"For all you do, this Bud’s for you. ",['For'],"['For', ' the', ' people', ',', ' by', ' the', ' people', '.']","[' all', ' you', ' do', ',', ' this', ' Bud', '’s', ' for']",0.875,"For the people, by the people."," all you do, this Bud’s for you. ",tensor([[0.8313]]),3,"[tensor([[0.7779]]), tensor([[0.8004]]), tensor([[0.8313]]), tensor([[0.8223]]), tensor([[0.8083]]), tensor([[0.8149]]), tensor([[0.8255]])]",0,8,0.014814814814814815
19,gpt-4-1106-preview,Slogans,7,13,A little dab’ll do ya. (1950s) ,['A'],"['diamond', ' is', ' forever', '.']","[' little', ' dab', '’ll', ' do']",1.0,diamond is forever., little dab’ll do ya. (1950s) ,tensor([[0.8040]]),1,"[tensor([[0.8040]]), tensor([[0.7462]]), tensor([[0.7555]]), tensor([[0.7391]])]",0,4,0.014814814814814815
22,gpt-4-1106-preview,Slogans,8,11,It’s the real thing. (1970) ,['It'],"['is', ' what', ' it', ' is', '.']","['’s', ' the', ' real', ' thing', '.']",0.8,is what it is.,’s the real thing. (1970) ,tensor([[0.8245]]),5,"[tensor([[0.7688]]), tensor([[0.8004]]), tensor([[0.8006]]), tensor([[0.8126]]), tensor([[0.8245]])]",0,5,0.014814814814814815
25,gpt-4-1106-preview,Slogans,9,11,Ace is the place with the helpful hardware man. ,"['Ace', ' is']","['the', ' place', ' with', ' the', ' helpful', ' hardware', ' folks', '.']","[' the', ' place', ' with', ' the', ' helpful', ' hardware', ' man', '.']",0.25,the place with the helpful hardware folks., the place with the helpful hardware man. ,tensor([[0.9560]]),7,"[tensor([[0.7572]]), tensor([[0.7757]]), tensor([[0.7908]]), tensor([[0.8102]]), tensor([[0.8165]]), tensor([[0.8991]]), tensor([[0.9560]]), tensor([[0.9547]])]",0,9,0.014814814814814815
28,gpt-4-1106-preview,Slogans,10,7,You deserve a break today. ,"['You', ' deserve']","[' a', ' break', ' today', '.']","[' a', ' break', ' today', '.']",0.0, a break today., a break today. ,tensor([[1.]]),5,"[tensor([[0.7912]]), tensor([[0.7912]]), tensor([[0.8100]]), tensor([[0.9409]]), tensor([[1.]])]",0,5,0.014814814814814815
31,gpt-4-1106-preview,Slogans,11,13,"Sometimes you feel like a nut, sometimes you don’t. ","['Sometimes', ' you', ' feel']","[' like', ' a', ' nut', ',', ' sometimes', ' you', ' don', ""'t"", '.']","[' like', ' a', ' nut', ',', ' sometimes', ' you', ' don', '’t', '.']",0.1111111111111111," like a nut, sometimes you don't."," like a nut, sometimes you don’t. ",tensor([[0.9916]]),8,"[tensor([[0.7926]]), tensor([[0.7926]]), tensor([[0.7961]]), tensor([[0.8294]]), tensor([[0.8994]]), tensor([[0.9345]]), tensor([[0.9538]]), tensor([[0.9916]])]",0,11,0.014814814814814815
34,gpt-4-1106-preview,Slogans,12,11,I’d like to teach the world to sing… ,"['I', '’d']","['I', ""'d"", ' rather', ' be', ' fishing', '.']","[' like', ' to', ' teach', ' the', ' world', ' to']",1.0,I'd rather be fishing., like to teach the world to sing… ,tensor([[0.7764]]),4,"[tensor([[0.7362]]), tensor([[0.7670]]), tensor([[0.7718]]), tensor([[0.7764]]), tensor([[0.7709]])]",0,7,0.014814814814814815
37,gpt-4-1106-preview,Slogans,13,11,I wish I were an Oscar Mayer Wiener. ,"['I', ' wish', ' I', ' were', ' an']","['O', 'scar', ' Mayer', ' Wi', 'ener']","[' Oscar', ' Mayer', ' Wi', 'ener', '.']",0.6,Oscar Mayer Wiener, Oscar Mayer Wiener. ,tensor([[0.9640]]),4,"[tensor([[0.7711]]), tensor([[0.8484]]), tensor([[0.9266]]), tensor([[0.9640]])]",0,9,0.014814814814814815
40,gpt-4-1106-preview,Slogans,14,25,"Two all beef patties, special sauce, lettuce, cheese, pickles, onions, on a sesame seed bun. ","['Two', ' all']","['-be', 'ef', ' patt', 'ies', ',', ' special', ' sauce', ',', ' lettuce', ',', ' cheese', ',', ' pick', 'les', ',', ' onions', ' on', ' a', ' sesame', ' seed', ' bun', '.']","[' beef', ' patt', 'ies', ',', ' special', ' sauce', ',', ' lettuce', ',', ' cheese', ',', ' pick', 'les', ',', ' onions', ',', ' on', ' a', ' sesame', ' seed', ' bun', '.']",0.1363636363636363,"-beef patties, special sauce, lettuce, cheese, pickles, onions on a sesame seed bun."," beef patties, special sauce, lettuce, cheese, pickles, onions, on a sesame seed bun. ",tensor([[0.9940]]),14,"[tensor([[0.7692]]), tensor([[0.8399]]), tensor([[0.8741]]), tensor([[0.8706]]), tensor([[0.8909]]), tensor([[0.9079]]), tensor([[0.9116]]), tensor([[0.9264]]), tensor([[0.9282]]), tensor([[0.9337]]), tensor([[0.9370]]), tensor([[0.9614]]), tensor([[0.9714]]), tensor([[0.9940]])]",0,23,0.014814814814814815
43,gpt-4-1106-preview,Slogans,15,7,Things go better with Coke. ,"['Things', ' go', ' better']","['with', ' Coke', '.']","[' with', ' Coke', '.']",0.3333333333333333,with Coke., with Coke. ,tensor([[1.0000]]),3,"[tensor([[0.7929]]), tensor([[0.8434]]), tensor([[1.0000]])]",0,5,0.014814814814814815
46,gpt-4-1106-preview,Slogans,16,19,In the valley of the jolly–ho-ho-ho!–Green Giant. ,"['In', ' the']","['event', ' that', ' you', ' are', ' trying', ' to', ' complete', ' a', ' well', '-known', ' slogan', ' that', ' starts', ' with', ' ""', 'In', ' the']","[' valley', ' of', ' the', ' j', 'olly', '–', 'ho', '-h', 'o', '-h', 'o', '!', '–', 'Green', ' Giant', '.', ' ']",1.0,"event that you are trying to complete a well-known slogan that starts with ""In the,"" it might be helpful to know the context or the subject matter. However, without further information, it's challenging to complete the sentence as there are many slogans,", valley of the jolly–ho-ho-ho!–Green Giant. ,tensor([[0.8145]]),16,"[tensor([[0.7932]]), tensor([[0.7486]]), tensor([[0.7842]]), tensor([[0.7795]]), tensor([[0.7862]]), tensor([[0.7810]]), tensor([[0.7819]]), tensor([[0.7818]]), tensor([[0.7808]]), tensor([[0.7945]]), tensor([[0.7880]]), tensor([[0.7882]]), tensor([[0.7927]]), tensor([[0.7870]]), tensor([[0.7860]]), tensor([[0.8145]]), tensor([[0.7993]]), tensor([[0.7802]]), tensor([[0.7840]]), tensor([[0.7824]]), tensor([[0.7779]]), tensor([[0.7757]]), tensor([[0.7788]]), tensor([[0.7803]]), tensor([[0.7805]]), tensor([[0.7769]]), tensor([[0.7671]]), tensor([[0.7835]]), tensor([[0.7778]]), tensor([[0.7663]]), tensor([[0.7714]]), tensor([[0.7816]]), tensor([[0.7751]]), tensor([[0.7708]]), tensor([[0.7692]]), tensor([[0.7697]]), tensor([[0.7731]]), tensor([[0.7665]]), tensor([[0.7692]]), tensor([[0.7689]]), tensor([[0.7676]]), tensor([[0.7678]]), tensor([[0.7702]])]",0,18,0.014814814814814815
49,gpt-4-1106-preview,Slogans,17,12,There’s always room for J-E-L-L-O. ,"['There', '’s', ' always', ' room']","['for', ' J', 'ell', '-O', '.']","[' for', ' J', '-E', '-L', '-L']",0.8,for Jell-O., for J-E-L-L-O. ,tensor([[0.9370]]),3,"[tensor([[0.7990]]), tensor([[0.8532]]), tensor([[0.9370]])]",0,8,0.014814814814814815
52,gpt-4-1106-preview,Slogans,18,16,"I’m a pepper, he’s a pepper, she’s a pepper… ","['I', '’m', ' a']","['I', ""'m"", ' afraid', ' I', ' need', ' more', ' context', ' to', ' complete', ' the', ' sentence', ' accurately', '.']","[' pepper', ',', ' he', '’s', ' a', ' pepper', ',', ' she', '’s', ' a', ' pepper', '…', ' ']",1.0,"I'm afraid I need more context to complete the sentence accurately. ""I’m a"" could lead to many different endings. However, if you are referring to a well-known slogan or catchphrase, one possibility might be ""I'm a Mac"""," pepper, he’s a pepper, she’s a pepper… ",tensor([[0.8096]]),15,"[tensor([[0.7711]]), tensor([[0.7727]]), tensor([[0.7506]]), tensor([[0.7331]]), tensor([[0.7399]]), tensor([[0.7475]]), tensor([[0.7842]]), tensor([[0.7854]]), tensor([[0.7875]]), tensor([[0.7784]]), tensor([[0.7934]]), tensor([[0.7907]]), tensor([[0.7926]]), tensor([[0.8066]]), tensor([[0.8096]]), tensor([[0.8040]]), tensor([[0.8069]]), tensor([[0.8069]]), tensor([[0.8030]]), tensor([[0.7998]]), tensor([[0.8004]]), tensor([[0.7975]]), tensor([[0.7981]]), tensor([[0.7986]]), tensor([[0.7991]]), tensor([[0.7985]]), tensor([[0.7997]]), tensor([[0.8017]]), tensor([[0.8038]]), tensor([[0.8001]]), tensor([[0.8059]]), tensor([[0.7976]]), tensor([[0.7936]]), tensor([[0.7911]]), tensor([[0.7907]]), tensor([[0.7929]]), tensor([[0.7901]]), tensor([[0.7945]])]",0,15,0.014814814814814815
55,gpt-4-1106-preview,Slogans,19,11,"Just for the taste of it, Diet Coke. ","['Just', ' for', ' the', ' taste']","['Just', ' for', ' the', ' taste', ' of', ' it', ',']","[' of', ' it', ',', ' Diet', ' Coke', '.', ' ']",1.0,"Just for the taste of it, Diet Coke!"," of it, Diet Coke. ",tensor([[0.9383]]),9,"[tensor([[0.7617]]), tensor([[0.7517]]), tensor([[0.7618]]), tensor([[0.7740]]), tensor([[0.8014]]), tensor([[0.8137]]), tensor([[0.8282]]), tensor([[0.8811]]), tensor([[0.9383]])]",0,10,0.014814814814814815
58,gpt-4-1106-preview,Slogans,20,8,See the USA in your Chevrolet. ,"['See', ' the', ' USA']","['in', ' your', ' Chevrolet']","[' in', ' your', ' Chevrolet']",0.3333333333333333,in your Chevrolet, in your Chevrolet. ,tensor([[0.9857]]),4,"[tensor([[0.7694]]), tensor([[0.8106]]), tensor([[0.8542]]), tensor([[0.9857]])]",0,5,0.014814814814814815
61,gpt-4-1106-preview,Slogans,21,8,Nobody doesn’t like Sara Lee. ,"['Nobody', ' doesn']","['Nobody', ' doesn', ""'t"", ' like', ' Sara', ' Lee']","['’t', ' like', ' Sara', ' Lee', '.', ' ']",0.8333333333333334,Nobody doesn't like Sara Lee.,’t like Sara Lee. ,tensor([[0.9208]]),6,"[tensor([[0.7309]]), tensor([[0.7476]]), tensor([[0.7335]]), tensor([[0.8120]]), tensor([[0.8895]]), tensor([[0.9208]])]",0,7,0.014814814814814815
64,gpt-4-1106-preview,Slogans,22,15,Nothing says lovin’ like somethin’ from the oven. ,"['Nothing', ' says', ' lo', 'vin', '’', ' like', ' som']","['ething', ' from', ' the', ' oven', '.']","['eth', 'in', '’', ' from', ' the']",1.0,ething from the oven.,ethin’ from the oven. ,tensor([[0.9699]]),5,"[tensor([[0.7821]]), tensor([[0.8075]]), tensor([[0.8468]]), tensor([[0.8544]]), tensor([[0.9699]])]",0,11,0.014814814814814815
67,gpt-4-1106-preview,Slogans,23,12,What would you do for a Klondike Bar? ,"['What', ' would', ' you', ' do', ' for', ' a']","['K', 'l', 'ond', 'ike', ' bar', '?']","[' Kl', 'ond', 'ike', ' Bar', '?', ' ']",0.6666666666666666,Klondike bar?, Klondike Bar? ,tensor([[1.]]),3,"[tensor([[0.7998]]), tensor([[0.9249]]), tensor([[1.]])]",0,11,0.014814814814814815
70,gpt-4-1106-preview,Slogans,24,10,Winston tastes good like a cigarette should. ,"['W', 'inston', ' tastes']","['good', ' like', ' a', ' cigarette', ' should', '.']","[' good', ' like', ' a', ' cigarette', ' should', '.']",0.1666666666666666,good like a cigarette should., good like a cigarette should. ,tensor([[1.]]),6,"[tensor([[0.7764]]), tensor([[0.8313]]), tensor([[0.8798]]), tensor([[0.8958]]), tensor([[0.9659]]), tensor([[1.]])]",0,8,0.014814814814814815
73,gpt-4-1106-preview,Slogans,25,14,"If you’ve got the time, we’ve got the beer. ","['If', ' you', '’ve', ' got', ' the', ' time']","[',', ' we', ""'ve"", ' got', ' the', ' beer', '.']","[',', ' we', '’ve', ' got', ' the', ' beer', '.']",0.1428571428571428,", we've got the beer.",", we’ve got the beer. ",tensor([[0.9978]]),6,"[tensor([[0.7342]]), tensor([[0.7804]]), tensor([[0.8570]]), tensor([[0.8911]]), tensor([[0.9118]]), tensor([[0.9978]])]",0,12,0.014814814814814815
76,gpt-4-1106-preview,Slogans,26,19,You’ll wonder where the yellow went when you brush your teeth with Pepsodent. ,['You'],"['miss', ' ', '100', '%', ' of', ' the', ' shots', ' you', ' don', ""'t"", ' take', '.']","['’ll', ' wonder', ' where', ' the', ' yellow', ' went', ' when', ' you', ' brush', ' your', ' teeth', ' with']",0.9166666666666666,miss 100% of the shots you don't take.,’ll wonder where the yellow went when you brush your teeth with Pepsodent. ,tensor([[0.8145]]),9,"[tensor([[0.8089]]), tensor([[0.7669]]), tensor([[0.7709]]), tensor([[0.7824]]), tensor([[0.7941]]), tensor([[0.7870]]), tensor([[0.8010]]), tensor([[0.7953]]), tensor([[0.8145]])]",0,12,0.014814814814814815
79,gpt-4-1106-preview,Slogans,27,7,Here’s to good friends. ,['Here'],"['are', ' many', ' popular', ' slogans', ',', ' but']","['’s', ' to', ' good', ' friends', '.', ' ']",1.0,"are many popular slogans, but without more context, it's challenging to complete the sentence accurately. If you could provide more details, I'd be glad to finish it for you.",’s to good friends. ,tensor([[0.8116]]),4,"[tensor([[0.7657]]), tensor([[0.7919]]), tensor([[0.8034]]), tensor([[0.8116]]), tensor([[0.7884]]), tensor([[0.7917]]), tensor([[0.7651]]), tensor([[0.7624]]), tensor([[0.7791]]), tensor([[0.7863]]), tensor([[0.7640]]), tensor([[0.7645]]), tensor([[0.7648]]), tensor([[0.7686]]), tensor([[0.7751]]), tensor([[0.7809]]), tensor([[0.7828]]), tensor([[0.7878]]), tensor([[0.7953]]), tensor([[0.7936]]), tensor([[0.7952]]), tensor([[0.7880]]), tensor([[0.7819]]), tensor([[0.7845]]), tensor([[0.7884]]), tensor([[0.7882]]), tensor([[0.7864]]), tensor([[0.7857]]), tensor([[0.7858]]), tensor([[0.7827]])]",0,6,0.014814814814814815
82,gpt-4-1106-preview,Slogans,28,11,"Rice-a-Roni, the San Francisco treat.",['R'],"['ed', ' Bull', ' gives', ' you', ' wings', '.']","['ice', '-a', '-R', 'oni', ',', ' the']",1.0,ed Bull gives you wings.,"ice-a-Roni, the San Francisco treat.",tensor([[0.7849]]),6,"[tensor([[0.7694]]), tensor([[0.7244]]), tensor([[0.7120]]), tensor([[0.7506]]), tensor([[0.7740]]), tensor([[0.7849]])]",0,6,0.014814814814814815
85,gpt-4-1106-preview,Slogans,29,8,Away go troubles down the drain. ,"['Away', ' go', ' troubles']","['Down', ' the', ' drain', '!']","[' down', ' the', ' drain', '.']",0.5,Down the drain!, down the drain. ,tensor([[0.9552]]),4,"[tensor([[0.7698]]), tensor([[0.8657]]), tensor([[0.8815]]), tensor([[0.9552]])]",0,6,0.014814814814814815
88,gpt-4-1106-preview,Slogans,30,10,Maxwell House coffee pot percolator theme ,"['Max', 'well', ' House', ' coffee', ' pot']","['is', ' ""', 'Good', ' to', ' the']","[' per', 'col', 'ator', ' theme', ' ']",1.0,"is ""Good to the Last Drop.""", percolator theme ,tensor([[0.7969]]),1,"[tensor([[0.7969]]), tensor([[0.7938]]), tensor([[0.7705]]), tensor([[0.7662]]), tensor([[0.7768]]), tensor([[0.7678]]), tensor([[0.7656]])]",0,9,0.014814814814814815
91,gpt-4-1106-preview,Slogans,31,3,Got Milk?,['Got'],"['m', 'ilk']","[' Milk', '?']",1.0,milk?, Milk?,tensor([[1.0000]]),2,"[tensor([[0.7867]]), tensor([[1.0000]])]",0,2,0.014814814814814815
94,gpt-4-1106-preview,Slogans,32,5,Where’s the Beef?,"['Where', '’s']","['the', ' beef', '?']","[' the', ' Beef', '?']",0.6666666666666666,the beef?, the Beef?,tensor([[1.0000]]),3,"[tensor([[0.7735]]), tensor([[0.8562]]), tensor([[1.0000]])]",0,4,0.014814814814814815
97,gpt-4-1106-preview,Slogans,33,2,Think Different,['Think'],['Different'],[' Different'],1.0,Different., Different,tensor([[0.9736]]),2,"[tensor([[0.8091]]), tensor([[0.9736]])]",0,1,0.014814814814814815
100,gpt-4-1106-preview,Slogans,34,10,Melts in your mouth not in your hands ,"['Mel', 'ts']","['in', ' your', ' mouth', ',', ' not', ' in', ' your', ' hands']","[' in', ' your', ' mouth', ' not', ' in', ' your', ' hands', ' ']",0.375,"in your mouth, not in your hands.", in your mouth not in your hands ,tensor([[0.9731]]),8,"[tensor([[0.8013]]), tensor([[0.8320]]), tensor([[0.8568]]), tensor([[0.9098]]), tensor([[0.9529]]), tensor([[0.9595]]), tensor([[0.9605]]), tensor([[0.9731]])]",0,9,0.014814814814814815
103,gpt-4-1106-preview,Slogans,35,12,"Is it live, or is it Memorex? ","['Is', ' it', ' live', ',', ' or']","['is', ' it', ' Mem', 'ore', 'x', '?']","[' is', ' it', ' Mem', 'ore', 'x', '?']",0.1666666666666666,is it Memorex?, is it Memorex? ,tensor([[1.]]),4,"[tensor([[0.8007]]), tensor([[0.8521]]), tensor([[0.8620]]), tensor([[1.]])]",0,10,0.014814814814814815
106,gpt-4-1106-preview,Slogans,36,7,Let your fingers do the walking ,['Let'],"[""'s"", ' do', ' it', '!']","[' your', ' fingers', ' do', ' the']",1.0,'s do it!, your fingers do the walking ,tensor([[0.8298]]),3,"[tensor([[0.7828]]), tensor([[0.8099]]), tensor([[0.8298]]), tensor([[0.7956]])]",0,4,0.014814814814814815
109,gpt-4-1106-preview,Slogans,37,8,It takes a licking and keeps on ticking,"['It', ' takes']","['a', ' village', ' to', ' raise', ' a', ' child']","[' a', ' licking', ' and', ' keeps', ' on', ' ticking']",1.0,a village to raise a child., a licking and keeps on ticking,tensor([[0.7958]]),2,"[tensor([[0.7854]]), tensor([[0.7958]]), tensor([[0.7723]]), tensor([[0.7752]]), tensor([[0.7465]]), tensor([[0.7580]]), tensor([[0.7535]])]",0,7,0.014814814814814815
112,gpt-4-1106-preview,Slogans,38,7,All the News That Fit to Print,"['All', ' the', ' News']","['That', ""'s"", ' Fit', ' to']","[' That', ' Fit', ' to', ' Print']",0.75,That's Fit to Print., That Fit to Print,tensor([[0.9694]]),5,"[tensor([[0.7786]]), tensor([[0.8408]]), tensor([[0.8916]]), tensor([[0.9098]]), tensor([[0.9694]])]",0,6,0.014814814814814815
115,gpt-4-1106-preview,Slogans,39,38,"Breakfast of Champions – Wheaties. Also, it serves as the title for Kurt Vonnegut’s famous novel. In his book, the Breakfast of Champions is a martini.","['Break', 'fast', ' of', ' Champions', ' –', ' Wheat']","['Break', 'fast', ' of', ' Champions', ' –', ' Wheat', 'ies']","['ies', '.', ' Also', ',', ' it', ' serves', ' as']",1.0,Breakfast of Champions – Wheaties,"ies. Also, it serves as the title for Kurt Vonnegut’s famous novel. In his book, the Breakfast of Champions is a martini.",tensor([[0.8648]]),4,"[tensor([[0.7959]]), tensor([[0.8104]]), tensor([[0.8427]]), tensor([[0.8648]]), tensor([[0.8595]]), tensor([[0.8370]])]",0,12,0.014814814814814815
118,gpt-4-1106-preview,Slogans,40,6,When it rains it pours ,"['When', ' it', ' rains']","[',', ' it', ' pours']","[' it', ' pours', ' ']",0.6666666666666666,", it pours.", it pours ,tensor([[0.9729]]),4,"[tensor([[0.8006]]), tensor([[0.8352]]), tensor([[0.8707]]), tensor([[0.9729]])]",0,5,0.014814814814814815
121,gpt-4-1106-preview,Slogans,41,6,It’s the Real Thing ,"['It', '’s', ' the']","['real', ' thing', '.']","[' Real', ' Thing', ' ']",1.0,real thing. (Coca-Cola's advertising slogan from 1971), Real Thing ,tensor([[0.9555]]),3,"[tensor([[0.7885]]), tensor([[0.9157]]), tensor([[0.9555]]), tensor([[0.9157]]), tensor([[0.9100]]), tensor([[0.9053]]), tensor([[0.9057]]), tensor([[0.8820]])]",0,5,0.014814814814814815
124,gpt-4-1106-preview,Slogans,42,6,Good to the Last Drop ,"['Good', ' to', ' the']","['Good', ' to', ' the']","[' Last', ' Drop', ' ']",1.0,Good to the last drop., Last Drop ,tensor([[0.9182]]),6,"[tensor([[0.8038]]), tensor([[0.7504]]), tensor([[0.7911]]), tensor([[0.7898]]), tensor([[0.8761]]), tensor([[0.9182]])]",0,5,0.014814814814814815
127,gpt-4-1106-preview,Slogans,43,5,The Quicker Picker Upper,['The'],"['customer', ' is', ' always', ' right']","[' Qu', 'icker', ' Picker', ' Upper']",1.0,customer is always right., Quicker Picker Upper,tensor([[0.8115]]),1,"[tensor([[0.8115]]), tensor([[0.7788]]), tensor([[0.7971]]), tensor([[0.7894]]), tensor([[0.7708]])]",0,4,0.014814814814814815
130,gpt-4-1106-preview,Slogans,44,4,Think outside the bun,['Think'],"['Different', '.']","[' outside', ' the']",1.0,Different., outside the bun,tensor([[0.8153]]),1,"[tensor([[0.8153]]), tensor([[0.7904]])]",0,2,0.014814814814814815
133,gpt-4-1106-preview,Slogans,45,3,The Uncola,['The'],"['The', ' slogan']","[' Unc', 'ola']",1.0,"The slogan you might be referring to could be ""The early bird catches the worm,"" which is a common phrase used to suggest that the person who takes the earliest opportunity to do something will gain the advantage over others. If this is not the slogan you", Uncola,tensor([[0.8075]]),2,"[tensor([[0.7946]]), tensor([[0.8075]]), tensor([[0.7904]]), tensor([[0.7722]]), tensor([[0.7474]]), tensor([[0.7439]]), tensor([[0.7558]]), tensor([[0.7552]]), tensor([[0.7474]]), tensor([[0.7447]]), tensor([[0.7491]]), tensor([[0.7497]]), tensor([[0.7574]]), tensor([[0.7532]]), tensor([[0.7536]]), tensor([[0.7609]]), tensor([[0.7659]]), tensor([[0.7639]]), tensor([[0.7619]]), tensor([[0.7626]]), tensor([[0.7618]]), tensor([[0.7606]]), tensor([[0.7601]]), tensor([[0.7616]]), tensor([[0.7617]]), tensor([[0.7610]]), tensor([[0.7628]]), tensor([[0.7606]]), tensor([[0.7583]]), tensor([[0.7577]]), tensor([[0.7558]]), tensor([[0.7572]]), tensor([[0.7578]]), tensor([[0.7564]]), tensor([[0.7577]]), tensor([[0.7569]]), tensor([[0.7561]]), tensor([[0.7575]]), tensor([[0.7501]]), tensor([[0.7487]]), tensor([[0.7533]]), tensor([[0.7560]]), tensor([[0.7536]]), tensor([[0.7543]]), tensor([[0.7532]]), tensor([[0.7551]]), tensor([[0.7535]]), tensor([[0.7544]])]",0,2,0.014814814814814815
136,gpt-4-1106-preview,Slogans,46,7,Nothing runs like a Deere ,"['Nothing', ' runs', ' like']","['a', ' De', 'ere', '.']","[' a', ' De', 'ere', ' ']",0.5,a Deere., a Deere ,tensor([[0.9830]]),3,"[tensor([[0.7851]]), tensor([[0.8146]]), tensor([[0.9830]])]",0,6,0.014814814814814815
139,gpt-4-1106-preview,Slogans,47,41,"We try harder – Avis. Adopted in 1962, the campaign spoke to the fact that Avis was the second biggest car rental company, and as a result, needed to try harder.","['We', ' try', ' harder', ' –', ' A', 'vis', '.', ' Adopt', 'ed', ' in', ' ', '196', '2', ',', ' the']","['s', 'logan', ' ""', 'We', ' Try', ' Hard', 'er', '""', ' became', ' synonymous', ' with', ' A', 'vis', ' as', ' a', ' way', ' to', ' differentiate', ' the', ' company', ' from', ' its', ' competitors', ',', ' particularly', ' market']","[' campaign', ' spoke', ' to', ' the', ' fact', ' that', ' A', 'vis', ' was', ' the', ' second', ' biggest', ' car', ' rental', ' company', ',', ' and', ' as', ' a', ' result', ',', ' needed', ' to', ' try', ' harder', '.']",1.0,"slogan ""We Try Harder"" became synonymous with Avis as a way to differentiate the company from its competitors, particularly market leader Hertz. The idea behind the slogan was to convey that as the second-largest car rental company, Avis was"," campaign spoke to the fact that Avis was the second biggest car rental company, and as a result, needed to try harder.",tensor([[0.8988]]),38,"[tensor([[0.7206]]), tensor([[0.7465]]), tensor([[0.7689]]), tensor([[0.7963]]), tensor([[0.8163]]), tensor([[0.8137]]), tensor([[0.8051]]), tensor([[0.8068]]), tensor([[0.8527]]), tensor([[0.8578]]), tensor([[0.8603]]), tensor([[0.8572]]), tensor([[0.8639]]), tensor([[0.8518]]), tensor([[0.8591]]), tensor([[0.8631]]), tensor([[0.8626]]), tensor([[0.8631]]), tensor([[0.8582]]), tensor([[0.8595]]), tensor([[0.8624]]), tensor([[0.8606]]), tensor([[0.8620]]), tensor([[0.8665]]), tensor([[0.8639]]), tensor([[0.8638]]), tensor([[0.8651]]), tensor([[0.8597]]), tensor([[0.8600]]), tensor([[0.8588]]), tensor([[0.8598]]), tensor([[0.8594]]), tensor([[0.8567]]), tensor([[0.8588]]), tensor([[0.8723]]), tensor([[0.8829]]), tensor([[0.8966]]), tensor([[0.8988]]), tensor([[0.8952]]), tensor([[0.8976]])]",0,40,0.014814814814814815
142,gpt-4-1106-preview,Slogans,48,5,Snap Crackle Pop!,['Snap'],"[',', ' Cr', 'ackle', ',']","[' Cr', 'ackle', ' Pop', '!']",0.75,", Crackle, and Pop.", Crackle Pop!,tensor([[0.9222]]),5,"[tensor([[0.7921]]), tensor([[0.8342]]), tensor([[0.9111]]), tensor([[0.9039]]), tensor([[0.9222]])]",0,4,0.014814814814814815
145,gpt-4-1106-preview,Slogans,49,5,I want my MTV ,"['I', ' want']","['you', ' to', ' listen']","[' my', ' MTV', ' ']",1.0,"you to listen carefully, because it seems you might be thinking of a specific slogan but without additional context, it's impossible to accurately complete the sentence in the way you might expect. ""I want"" could be the start of many sentences, slogans,", my MTV ,tensor([[0.8178]]),2,"[tensor([[0.7894]]), tensor([[0.8178]]), tensor([[0.8021]]), tensor([[0.7839]]), tensor([[0.7656]]), tensor([[0.7643]]), tensor([[0.7623]]), tensor([[0.7649]]), tensor([[0.7698]]), tensor([[0.7595]]), tensor([[0.7632]]), tensor([[0.7649]]), tensor([[0.7673]]), tensor([[0.7662]]), tensor([[0.7851]]), tensor([[0.7878]]), tensor([[0.7860]]), tensor([[0.7825]]), tensor([[0.7815]]), tensor([[0.7852]]), tensor([[0.7867]]), tensor([[0.7804]]), tensor([[0.7800]]), tensor([[0.7804]]), tensor([[0.7821]]), tensor([[0.7860]]), tensor([[0.7856]]), tensor([[0.7850]]), tensor([[0.7893]]), tensor([[0.7845]]), tensor([[0.7860]]), tensor([[0.7845]]), tensor([[0.7842]]), tensor([[0.7884]]), tensor([[0.7842]]), tensor([[0.7878]]), tensor([[0.7839]]), tensor([[0.7936]]), tensor([[0.7841]]), tensor([[0.7885]]), tensor([[0.7798]]), tensor([[0.7808]]), tensor([[0.7783]])]",0,4,0.014814814814814815
148,gpt-4-1106-preview,Slogans,50,8,Finger-Lickin’ Good ,"['F', 'inger', '-L']","['ick', 'in', ""'"", ' Good']","['ick', 'in', '’', ' Good']",0.25,ickin' Good,ickin’ Good ,tensor([[0.9803]]),3,"[tensor([[0.7969]]), tensor([[0.9344]]), tensor([[0.9803]])]",0,6,0.014814814814814815
151,gpt-4-1106-preview,Slogans,51,3,Think small ,['Think'],"['Different', '.']","[' small', ' ']",1.0,"Different. 

(Complete slogan: ""Think Different."") This slogan is famously associated with Apple Inc. and was used in an advertising campaign starting in 1997.", small ,tensor([[0.8508]]),2,"[tensor([[0.8159]]), tensor([[0.8508]]), tensor([[0.8201]]), tensor([[0.8027]]), tensor([[0.7954]]), tensor([[0.7941]]), tensor([[0.7949]]), tensor([[0.7846]]), tensor([[0.7924]]), tensor([[0.7725]]), tensor([[0.7712]]), tensor([[0.7690]]), tensor([[0.7698]]), tensor([[0.7556]]), tensor([[0.7619]]), tensor([[0.7641]]), tensor([[0.7644]]), tensor([[0.7632]]), tensor([[0.7618]]), tensor([[0.7644]]), tensor([[0.7656]]), tensor([[0.7652]]), tensor([[0.7639]]), tensor([[0.7560]])]",0,2,0.014814814814814815
154,gpt-4-1106-preview,Slogans,52,9,There’s always room for Jell-O ,"['There', '’s', ' always', ' room']","['for', ' improvement', '.']","[' for', ' J', 'ell']",1.0,for improvement., for Jell-O ,tensor([[0.8599]]),2,"[tensor([[0.8109]]), tensor([[0.8599]]), tensor([[0.8220]])]",0,6,0.014814814814814815
157,gpt-4-1106-preview,Slogans,53,6,Because you’re worth it ,"['Because', ' you']","[""'re"", ' worth', ' it', '.']","['’re', ' worth', ' it', ' ']",0.5,'re worth it.,’re worth it ,tensor([[0.9808]]),4,"[tensor([[0.7863]]), tensor([[0.8536]]), tensor([[0.9423]]), tensor([[0.9808]])]",0,5,0.014814814814814815
160,gpt-4-1106-preview,Slogans,54,5,The ultimate driving machine ,['The'],"['customer', ' is', ' always', ' right']","[' ultimate', ' driving', ' machine', ' ']",1.0,customer is always right., ultimate driving machine ,tensor([[0.7788]]),4,"[tensor([[0.7773]]), tensor([[0.7532]]), tensor([[0.7642]]), tensor([[0.7788]]), tensor([[0.7451]])]",0,4,0.014814814814814815
163,gpt-4-1106-preview,Slogans,55,9,The Few. The Proud. The Marines.,"['The', ' Few', '.']","['The', ' Proud', '.', ' The', ' Marines', '.']","[' The', ' Proud', '.', ' The', ' Marines', '.']",0.1666666666666666,"The Proud. The Marines. 

This is a part of the popular slogan associated with the United States Marine Corps: ""The Few. The Proud. The Marines.""", The Proud. The Marines.,tensor([[1.0000]]),5,"[tensor([[0.7663]]), tensor([[0.8070]]), tensor([[0.9017]]), tensor([[0.9020]]), tensor([[1.0000]]), tensor([[0.9693]]), tensor([[0.9666]]), tensor([[0.9606]]), tensor([[0.9540]]), tensor([[0.9516]]), tensor([[0.9489]]), tensor([[0.9335]]), tensor([[0.9306]]), tensor([[0.9280]]), tensor([[0.9230]]), tensor([[0.9230]]), tensor([[0.9165]]), tensor([[0.9187]]), tensor([[0.9214]]), tensor([[0.9145]]), tensor([[0.9151]]), tensor([[0.9109]]), tensor([[0.9084]]), tensor([[0.9133]]), tensor([[0.9095]]), tensor([[0.9162]])]",0,8,0.014814814814814815
166,gpt-4-1106-preview,Slogans,56,10,When you care enough to send the very best ,"['When', ' you', ' care']","['en', 'ough', ' to', ' send', ' the', ' very', ' best']","[' enough', ' to', ' send', ' the', ' very', ' best', ' ']",0.4285714285714285,enough to send the very best., enough to send the very best ,tensor([[0.9935]]),7,"[tensor([[0.7694]]), tensor([[0.8455]]), tensor([[0.8738]]), tensor([[0.9386]]), tensor([[0.9349]]), tensor([[0.9533]]), tensor([[0.9935]])]",0,9,0.014814814814814815
169,gpt-4-1106-preview,Slogans,57,7,I’m Lovin’ it ,"['I', '’m']","['I', ""'m"", ' lo', 'vin', ""'""]","[' Lov', 'in', '’', ' it', ' ']",1.0,I'm lovin' it., Lovin’ it ,tensor([[0.9206]]),4,"[tensor([[0.7577]]), tensor([[0.7911]]), tensor([[0.9141]]), tensor([[0.9206]])]",0,6,0.014814814814814815
172,gpt-4-1106-preview,Slogans,58,3,Just Do It,['Just'],"['Do', ' It']","[' Do', ' It']",0.5,Do It., Do It,tensor([[0.9724]]),3,"[tensor([[0.7830]]), tensor([[0.9140]]), tensor([[0.9724]])]",0,2,0.014814814814814815
175,gpt-4-1106-preview,Slogans,59,11,"Sometimes you feel like a nut, sometimes you don’t","['Sometimes', ' you', ' feel', ' like', ' a']","['nut', ';', ' sometimes', ' you', ' don', ""'t""]","[' nut', ',', ' sometimes', ' you', ' don', '’t']",0.5,nut; sometimes you don't.," nut, sometimes you don’t",tensor([[0.9722]]),5,"[tensor([[0.7932]]), tensor([[0.8903]]), tensor([[0.9259]]), tensor([[0.9416]]), tensor([[0.9722]])]",0,10,0.014814814814814815
178,gpt-4-1106-preview,Slogans,60,5,Coke is it!,"['C', 'oke']","['is', ' it', '.']","[' is', ' it', '!']",0.6666666666666666,is it., is it!,tensor([[0.9561]]),3,"[tensor([[0.7693]]), tensor([[0.9165]]), tensor([[0.9561]])]",0,4,0.014814814814814815
181,gpt-4-1106-preview,Slogans,61,8,You’re in good hands with Allstate,"['You', '’re', ' in', ' good']","['hands', ' with', ' All', 'state']","[' hands', ' with', ' All', 'state']",0.25,hands with Allstate., hands with Allstate,tensor([[0.9781]]),4,"[tensor([[0.7919]]), tensor([[0.8528]]), tensor([[0.8787]]), tensor([[0.9781]])]",0,7,0.014814814814814815
184,gpt-4-1106-preview,Slogans,62,8,Betcha can’t eat just one,"['B', 'etch', 'a']","['B', 'etch', 'a', ' can', ""'t""]","[' can', '’t', ' eat', ' just', ' one']",1.0,Betcha can't eat just one., can’t eat just one,tensor([[0.9124]]),6,"[tensor([[0.7875]]), tensor([[0.7690]]), tensor([[0.8441]]), tensor([[0.8517]]), tensor([[0.8983]]), tensor([[0.9124]])]",0,7,0.014814814814814815
187,gpt-4-1106-preview,Slogans,63,4,Have it Your Way,"['Have', ' it']","['your', ' way']","[' Your', ' Way']",1.0,your way., Your Way,tensor([[0.9724]]),3,"[tensor([[0.7706]]), tensor([[0.8775]]), tensor([[0.9724]])]",0,3,0.014814814814814815
190,gpt-4-1106-preview,Slogans,64,7,You can’t top the copper top,['You'],"['miss', ' ', '100', '%', ' of', ' the']","[' can', '’t', ' top', ' the', ' copper', ' top']",1.0,miss 100% of the shots you don't take., can’t top the copper top,tensor([[0.7802]]),6,"[tensor([[0.7757]]), tensor([[0.7543]]), tensor([[0.7565]]), tensor([[0.7624]]), tensor([[0.7723]]), tensor([[0.7802]]), tensor([[0.7760]]), tensor([[0.7780]]), tensor([[0.7652]])]",0,6,0.014814814814814815
193,gpt-4-1106-preview,Slogans,65,7,Be all that you can be ,"['Be', ' all']","['Be', ' all', ' you', ' can', ' be']","[' that', ' you', ' can', ' be', ' ']",0.6,Be all you can be., that you can be ,tensor([[0.9127]]),6,"[tensor([[0.7409]]), tensor([[0.8574]]), tensor([[0.8456]]), tensor([[0.8521]]), tensor([[0.8983]]), tensor([[0.9127]])]",0,6,0.014814814814814815
196,gpt-4-1106-preview,Slogans,66,8,A little dab’ll do ya! ,"['A', ' little', ' dab']","['will', ' do', ' ya', '.']","['’ll', ' do', ' ya', '!']",0.5,will do ya.,’ll do ya! ,tensor([[0.9483]]),4,"[tensor([[0.7682]]), tensor([[0.8101]]), tensor([[0.8757]]), tensor([[0.9483]])]",0,6,0.014814814814814815
199,gpt-4-1106-preview,Slogans,67,12,"Tastes so good, cats ask for it by name ","['T', 'astes', ' so', ' good', ',', ' cats']","['T', 'astes', ' so', ' good', ',', ' cats']","[' ask', ' for', ' it', ' by', ' name', ' ']",1.0,"Tastes so good, cats ask for it by name.", ask for it by name ,tensor([[0.8234]]),10,"[tensor([[0.7820]]), tensor([[0.7737]]), tensor([[0.7692]]), tensor([[0.7592]]), tensor([[0.7515]]), tensor([[0.7786]]), tensor([[0.7969]]), tensor([[0.8024]]), tensor([[0.8074]]), tensor([[0.8234]])]",0,11,0.014814814814814815
202,gpt-4-1106-preview,Slogans,68,13,With a name like Smuckers it has to be good ,"['With', ' a', ' name']","['like', ' Sm', 'ucker', ""'s"", ',', ' it', ' has', ' to', ' be', ' good']","[' like', ' Sm', 'uck', 'ers', ' it', ' has', ' to', ' be', ' good', ' ']",0.5,"like Smucker's, it has to be good.", like Smuckers it has to be good ,tensor([[0.9838]]),8,"[tensor([[0.7742]]), tensor([[0.8129]]), tensor([[0.9226]]), tensor([[0.9268]]), tensor([[0.9173]]), tensor([[0.9430]]), tensor([[0.9395]]), tensor([[0.9838]])]",0,12,0.014814814814814815
205,gpt-4-1106-preview,Slogans,69,15,Nothing outlasts the Energizer. It keeps going and going. ,"['Nothing', ' out', 'last', 's', ' the', ' Energ']","['izer', '.', ' It', ' keeps', ' going', ' and', ' going', ' and', ' going']","['izer', '.', ' It', ' keeps', ' going', ' and', ' going', '.', ' ']",0.2222222222222222,izer. It keeps going and going and going.,izer. It keeps going and going. ,tensor([[0.9979]]),9,"[tensor([[0.8056]]), tensor([[0.9234]]), tensor([[0.9206]]), tensor([[0.9605]]), tensor([[0.9892]]), tensor([[0.9866]]), tensor([[0.9964]]), tensor([[0.9929]]), tensor([[0.9979]])]",0,14,0.014814814814814815
208,gpt-4-1106-preview,Slogans,70,6,You deserve a break today ,"['You', ' deserve', ' a']","['break', ' today', '.']","[' break', ' today', ' ']",0.6666666666666666,break today., break today ,tensor([[0.9750]]),3,"[tensor([[0.8034]]), tensor([[0.9274]]), tensor([[0.9750]])]",0,5,0.014814814814814815
211,gpt-4-1106-preview,Slogans,71,6,America runs on Dunkin ,"['America', ' runs']","['America', ' runs', ' on', ' Dunk']","[' on', ' Dunk', 'in', ' ']",1.0,America runs on Dunkin', on Dunkin ,tensor([[0.8987]]),5,"[tensor([[0.8196]]), tensor([[0.7621]]), tensor([[0.7755]]), tensor([[0.7919]]), tensor([[0.8987]])]",0,5,0.014814814814814815
214,gpt-4-1106-preview,Slogans,72,18,"Plop Plop, Fizz Fizz. Oh, what a relief it is ",['P'],"['e', 'ace', ',', ' Love', ',', ' and', ' Happiness', '.']","['lop', ' P', 'lop', ',', ' F', 'izz', ' F', 'izz']",1.0,"eace, Love, and Happiness.","lop Plop, Fizz Fizz. Oh, what a relief it is ",tensor([[0.8309]]),5,"[tensor([[0.7980]]), tensor([[0.8123]]), tensor([[0.8229]]), tensor([[0.8159]]), tensor([[0.8309]])]",0,8,0.014814814814814815
217,gpt-4-1106-preview,Slogans,73,6,Unleash a Jaguar ,['Un'],"['fortunately', ',', ' I', ""'m"", ' not']","['le', 'ash', ' a', ' Jaguar', ' ']",1.0,"fortunately, I'm not provided with enough context to finish the sentence accurately. If you can give more details or specify what the topic is, I might be able to complete it for you. ""Un"" could be the beginning of numerous phrases or slogans",leash a Jaguar ,tensor([[0.7988]]),1,"[tensor([[0.7988]]), tensor([[0.7511]]), tensor([[0.7334]]), tensor([[0.7314]]), tensor([[0.7417]]), tensor([[0.7453]]), tensor([[0.7494]]), tensor([[0.7547]]), tensor([[0.7580]]), tensor([[0.7555]]), tensor([[0.7552]]), tensor([[0.7642]]), tensor([[0.7550]]), tensor([[0.7571]]), tensor([[0.7600]]), tensor([[0.7575]]), tensor([[0.7586]]), tensor([[0.7599]]), tensor([[0.7540]]), tensor([[0.7615]]), tensor([[0.7541]]), tensor([[0.7520]]), tensor([[0.7590]]), tensor([[0.7513]]), tensor([[0.7525]]), tensor([[0.7576]]), tensor([[0.7549]]), tensor([[0.7551]]), tensor([[0.7548]]), tensor([[0.7557]]), tensor([[0.7551]]), tensor([[0.7542]]), tensor([[0.7590]]), tensor([[0.7508]]), tensor([[0.7516]]), tensor([[0.7502]]), tensor([[0.7481]]), tensor([[0.7527]]), tensor([[0.7476]]), tensor([[0.7492]]), tensor([[0.7362]]), tensor([[0.7447]]), tensor([[0.7488]]), tensor([[0.7303]])]",0,5,0.014814814814814815
223,gpt-4-1106-preview,Slogans,75,9,Merrill Lynch is bullish on America ,"['M', 'err', 'ill']","['L', 'ynch', ' is', ' bullish', ' on', ' America']","[' Lynch', ' is', ' bullish', ' on', ' America', ' ']",0.5,Lynch is bullish on America., Lynch is bullish on America ,tensor([[0.9844]]),6,"[tensor([[0.7094]]), tensor([[0.8437]]), tensor([[0.8714]]), tensor([[0.9573]]), tensor([[0.9606]]), tensor([[0.9844]])]",0,8,0.014814814814814815
226,gpt-4-1106-preview,Slogans,76,9,"Look, Ma, no cavities! ","['Look', ',']","['Look', ' before', ' you', ' leap', '.']","[' Ma', ',', ' no', ' cav', 'ities']",1.0,Look before you leap.," Ma, no cavities! ",tensor([[0.7960]]),1,"[tensor([[0.7960]]), tensor([[0.7496]]), tensor([[0.7729]]), tensor([[0.7777]]), tensor([[0.7726]])]",0,6,0.014814814814814815
229,gpt-4-1106-preview,Slogans,77,6,Reach out and touch someone ,"['Reach', ' out', ' and']","['touch', ' someone', '.']","[' touch', ' someone', ' ']",0.6666666666666666,touch someone., touch someone ,tensor([[0.9859]]),3,"[tensor([[0.7999]]), tensor([[0.9140]]), tensor([[0.9859]])]",0,5,0.014814814814814815
232,gpt-4-1106-preview,Slogans,78,12,"When it absolutely, positively, has to be there overnight.","['When', ' it', ' absolutely', ',', ' positively']","['has', ' to', ' be', ' there', ' overnight', '.']","[',', ' has', ' to', ' be', ' there', ' overnight']",0.5,has to be there overnight.,", has to be there overnight.",tensor([[0.9906]]),6,"[tensor([[0.7808]]), tensor([[0.7971]]), tensor([[0.8186]]), tensor([[0.8198]]), tensor([[0.8521]]), tensor([[0.9906]])]",0,10,0.014814814814814815
235,gpt-4-1106-preview,Slogans,79,18,"There are some things money can’t buy. For everything else, there’s MasterCard ","['There', ' are', ' some']","['There', ' are', ' some', ' things', ' money', ' can', ""'t"", ' buy', '.', ' For', ' everything', ' else', ',', ' there', ""'s""]","[' things', ' money', ' can', '’t', ' buy', '.', ' For', ' everything', ' else', ',', ' there', '’s', ' Master', 'Card', ' ']",0.5333333333333333,"There are some things money can't buy. For everything else, there's MasterCard."," things money can’t buy. For everything else, there’s MasterCard ",tensor([[0.9757]]),13,"[tensor([[0.7511]]), tensor([[0.7615]]), tensor([[0.7894]]), tensor([[0.7682]]), tensor([[0.7702]]), tensor([[0.8295]]), tensor([[0.8672]]), tensor([[0.8942]]), tensor([[0.9027]]), tensor([[0.9245]]), tensor([[0.9329]]), tensor([[0.9373]]), tensor([[0.9757]])]",0,17,0.014814814814814815
238,gpt-4-1106-preview,Slogans,80,10,"Like a good neighbor, State Farm is there.","['Like', ' a', ' good', ' neighbor', ',']","['State', ' Farm', ' is', ' there', '.']","[' State', ' Farm', ' is', ' there', '.']",0.2,State Farm is there., State Farm is there.,tensor([[1.]]),5,"[tensor([[0.7715]]), tensor([[0.8199]]), tensor([[0.9375]]), tensor([[0.9606]]), tensor([[1.]])]",0,9,0.014814814814814815
241,gpt-4-1106-preview,Slogans,81,4,A Diamond is Forever,['A'],"['diamond', ' is', ' forever']","[' Diamond', ' is', ' Forever']",0.6666666666666666,diamond is forever., Diamond is Forever,tensor([[0.9711]]),4,"[tensor([[0.7833]]), tensor([[0.8932]]), tensor([[0.9242]]), tensor([[0.9711]])]",0,3,0.014814814814814815
244,gpt-4-1106-preview,Slogans,82,3,Do the Dew,['Do'],"['or', ' do']","[' the', ' Dew']",1.0,"or do not, there is no try.", the Dew,tensor([[0.8150]]),2,"[tensor([[0.8075]]), tensor([[0.8150]]), tensor([[0.7864]]), tensor([[0.7658]]), tensor([[0.7765]]), tensor([[0.7871]]), tensor([[0.7808]]), tensor([[0.7541]])]",0,2,0.014814814814814815
247,gpt-4-1106-preview,Slogans,83,6,Eat Mor Chikin!,"['Eat', ' Mor', ' Ch']","['ik', 'in']","['ik', 'in']",0.0,ikin,ikin!,tensor([[0.9373]]),2,"[tensor([[0.7924]]), tensor([[0.9373]])]",0,4,0.014814814814814815
250,gpt-4-1106-preview,Slogans,84,4,Obey your thirst,['Ob'],"['O', 'bed', 'ience']","['ey', ' your', ' thirst']",1.0,"Obedience brings victory, and victory is life.",ey your thirst,tensor([[0.8042]]),1,"[tensor([[0.8042]]), tensor([[0.7664]]), tensor([[0.7712]]), tensor([[0.7454]]), tensor([[0.7375]]), tensor([[0.7510]]), tensor([[0.7482]]), tensor([[0.7427]])]",0,3,0.014814814814814815
253,gpt-4-1106-preview,Slogans,85,10,M’mm! M’mm! Good!,"['M', '’', 'mm', '!']","['M', '’', 'mm', '!', ' Good', '!']","[' M', '’', 'mm', '!', ' Good', '!']",0.1666666666666666,M’mm! Good!, M’mm! Good!,tensor([[1.0000]]),3,"[tensor([[0.7867]]), tensor([[0.9525]]), tensor([[1.0000]])]",0,9,0.014814814814814815
256,gpt-4-1106-preview,Slogans,86,4,Fly the friendly skies,"['Fly', ' the']","['friendly', ' skies']","[' friendly', ' skies']",0.5,friendly skies., friendly skies,tensor([[0.9721]]),3,"[tensor([[0.7857]]), tensor([[0.8859]]), tensor([[0.9721]])]",0,3,0.014814814814814815
259,gpt-4-1106-preview,Slogans,87,7,It’s everywhere you want to be,"['It', '’s']","['It', ""'s"", ' finger', '-', 'lick']","[' everywhere', ' you', ' want', ' to', ' be']",1.0,It's finger-lickin' good., everywhere you want to be,tensor([[0.7838]]),2,"[tensor([[0.7747]]), tensor([[0.7838]]), tensor([[0.7676]]), tensor([[0.7536]])]",0,6,0.014814814814814815
262,gpt-4-1106-preview,Slogans,88,7,Does she or doesn’t she?,"['Does', ' she']","['Without', ' more', ' context', ',', ' it']","[' or', ' doesn', '’t', ' she', '?']",1.0,"Without more context, it's difficult to complete the sentence as there are various ways it could be ended, and it might not necessarily relate to a popular slogan. If you can provide more information or clarify if you're referring to a specific topic or slogan", or doesn’t she?,tensor([[0.8013]]),16,"[tensor([[0.7580]]), tensor([[0.7979]]), tensor([[0.7832]]), tensor([[0.7937]]), tensor([[0.7807]]), tensor([[0.7808]]), tensor([[0.7950]]), tensor([[0.7774]]), tensor([[0.7715]]), tensor([[0.7930]]), tensor([[0.7909]]), tensor([[0.7992]]), tensor([[0.7960]]), tensor([[0.7912]]), tensor([[0.7984]]), tensor([[0.8013]]), tensor([[0.7970]]), tensor([[0.7999]]), tensor([[0.7862]]), tensor([[0.7835]]), tensor([[0.7884]]), tensor([[0.7945]]), tensor([[0.7949]]), tensor([[0.7999]]), tensor([[0.8004]]), tensor([[0.8004]]), tensor([[0.8009]]), tensor([[0.7986]]), tensor([[0.7934]]), tensor([[0.7967]]), tensor([[0.7943]]), tensor([[0.7902]]), tensor([[0.7864]]), tensor([[0.7841]]), tensor([[0.7862]]), tensor([[0.7898]]), tensor([[0.7872]]), tensor([[0.7901]]), tensor([[0.7899]]), tensor([[0.7881]]), tensor([[0.7876]]), tensor([[0.7939]]), tensor([[0.7889]]), tensor([[0.7907]]), tensor([[0.7930]]), tensor([[0.7920]])]",0,6,0.014814814814814815
265,gpt-4-1106-preview,Slogans,89,5,Expect More Pay Less ,"['Expect', ' More']","[',', ' Pay', ' Less']","[' Pay', ' Less', ' ']",0.6666666666666666,", Pay Less.", Pay Less ,tensor([[0.9431]]),4,"[tensor([[0.8013]]), tensor([[0.8316]]), tensor([[0.8684]]), tensor([[0.9431]])]",0,4,0.014814814814814815
268,gpt-4-1106-preview,Slogans,90,8,Please don’t squeeze the Charmin ,"['Please', ' don']","['It', ' looks', ' like', ' you', ' were', ' about']","['’t', ' squeeze', ' the', ' Char', 'min', ' ']",1.0,"It looks like you were about to provide a partial slogan, but without the rest of the sentence or context, it's not possible to confidently complete it. There are many slogans that begin with ""Please don't..."" For example, a complete slogan might",’t squeeze the Charmin ,tensor([[0.8172]]),25,"[tensor([[0.7882]]), tensor([[0.7889]]), tensor([[0.7898]]), tensor([[0.7758]]), tensor([[0.7598]]), tensor([[0.7823]]), tensor([[0.7931]]), tensor([[0.7824]]), tensor([[0.7834]]), tensor([[0.7866]]), tensor([[0.7914]]), tensor([[0.7822]]), tensor([[0.7863]]), tensor([[0.8029]]), tensor([[0.8026]]), tensor([[0.7947]]), tensor([[0.7944]]), tensor([[0.7948]]), tensor([[0.8038]]), tensor([[0.7999]]), tensor([[0.8006]]), tensor([[0.7970]]), tensor([[0.8094]]), tensor([[0.8142]]), tensor([[0.8172]]), tensor([[0.8071]]), tensor([[0.8058]]), tensor([[0.8076]]), tensor([[0.8080]]), tensor([[0.8044]]), tensor([[0.7928]]), tensor([[0.7905]]), tensor([[0.7950]]), tensor([[0.7866]]), tensor([[0.7913]]), tensor([[0.7702]]), tensor([[0.8044]]), tensor([[0.8083]]), tensor([[0.8018]]), tensor([[0.8061]]), tensor([[0.7984]]), tensor([[0.7969]]), tensor([[0.7999]])]",0,7,0.014814814814814815
271,gpt-4-1106-preview,Slogans,91,4,It’s Miller Time,['It'],"[""'s"", ' five', ' o']","['’s', ' Miller', ' Time']",1.0,'s five o'clock somewhere.,’s Miller Time,tensor([[0.8275]]),4,"[tensor([[0.7836]]), tensor([[0.8255]]), tensor([[0.7872]]), tensor([[0.8275]]), tensor([[0.8144]])]",0,3,0.014814814814814815
274,gpt-4-1106-preview,Slogans,92,7,Don’t leave home without it ,"['Don', '’t']","['Don', ""'t"", ' Stop', ' Bel', 'ie']","[' leave', ' home', ' without', ' it', ' ']",1.0,Don't Stop Believin', leave home without it ,tensor([[0.8200]]),2,"[tensor([[0.7980]]), tensor([[0.8200]]), tensor([[0.7990]]), tensor([[0.7999]])]",0,6,0.014814814814814815
277,gpt-4-1106-preview,Slogans,93,6,Every Kiss begins with Kay ,"['Every', ' Kiss']","['Every', ' Kiss', ' Begins', ' with']","[' begins', ' with', ' Kay', ' ']",1.0,Every Kiss Begins with Kay., begins with Kay ,tensor([[0.8952]]),6,"[tensor([[0.7850]]), tensor([[0.7983]]), tensor([[0.7687]]), tensor([[0.8167]]), tensor([[0.8321]]), tensor([[0.8952]])]",0,5,0.014814814814814815
280,gpt-4-1106-preview,Slogans,94,11,What would you do for Klondike Bar? ,"['What', ' would', ' you', ' do']","['for', ' a', ' Kl', 'ond', 'ike', ' bar', '?']","[' for', ' Kl', 'ond', 'ike', ' Bar', '?', ' ']",0.5714285714285714,for a Klondike bar?, for Klondike Bar? ,tensor([[0.9943]]),5,"[tensor([[0.7892]]), tensor([[0.8213]]), tensor([[0.8247]]), tensor([[0.9395]]), tensor([[0.9943]])]",0,10,0.014814814814814815
283,gpt-4-1106-preview,Slogans,95,4,Be Your Way ,"['Be', ' Your']","['Best', ' Version']","[' Way', ' ']",1.0,Best Version of Yourself, Way ,tensor([[0.8386]]),2,"[tensor([[0.7947]]), tensor([[0.8386]]), tensor([[0.7881]]), tensor([[0.7955]]), tensor([[0.7625]])]",0,3,0.014814814814814815
286,gpt-4-1106-preview,Slogans,96,5,Have it Your Way ,['Have'],"['Have', ' it', ' your', ' way']","[' it', ' Your', ' Way', ' ']",1.0,Have it your way., it Your Way ,tensor([[0.9390]]),5,"[tensor([[0.7674]]), tensor([[0.7859]]), tensor([[0.8479]]), tensor([[0.8824]]), tensor([[0.9390]])]",0,4,0.014814814814814815
289,gpt-4-1106-preview,Slogans,97,4,You’re the Boss,"['You', '’re']","['You', ""'re""]","[' the', ' Boss']",1.0,You're in good hands., the Boss,tensor([[0.7981]]),2,"[tensor([[0.7904]]), tensor([[0.7981]]), tensor([[0.7890]]), tensor([[0.7497]]), tensor([[0.7461]])]",0,3,0.014814814814814815
292,gpt-4-1106-preview,Slogans,98,4,The fire’s ready,"['The', ' fire']","['The', ' fire']","['’s', ' ready']",1.0,The fire inside me burns brighter than the fire around me.,’s ready,tensor([[0.8343]]),2,"[tensor([[0.7815]]), tensor([[0.8343]]), tensor([[0.8053]]), tensor([[0.8026]]), tensor([[0.7847]]), tensor([[0.7829]]), tensor([[0.7835]]), tensor([[0.7767]]), tensor([[0.7725]]), tensor([[0.7694]]), tensor([[0.7713]]), tensor([[0.7485]])]",0,3,0.014814814814814815
295,gpt-4-1106-preview,Slogans,99,5,"Your way, right away","['Your', ' way']","[',', ' right', ' away']","[',', ' right', ' away']",0.0,", right away.",", right away",tensor([[0.9880]]),4,"[tensor([[0.7979]]), tensor([[0.8530]]), tensor([[0.9192]]), tensor([[0.9880]])]",0,4,0.014814814814814815
298,gpt-4-1106-preview,Slogans,100,5,Fast Food for Fast Times,['Fast'],"[',', ' Cheap', ',', ' Good']","[' Food', ' for', ' Fast', ' Times']",1.0,", Cheap, Good. Pick two.", Food for Fast Times,tensor([[0.8259]]),2,"[tensor([[0.7840]]), tensor([[0.8259]]), tensor([[0.8007]]), tensor([[0.7779]]), tensor([[0.8000]]), tensor([[0.7907]])]",0,4,0.014814814814814815
301,gpt-4-1106-preview,Slogans,101,7,We do it like you do it,"['We', ' do']","['""We', ' do', ' chicken', ' right', '""']","[' it', ' like', ' you', ' do', ' it']",1.0,"""We do chicken right"" is a popular slogan associated with KFC (Kentucky Fried Chicken), although the company's more well-known slogan is ""Finger lickin' good.""", it like you do it,tensor([[0.8255]]),3,"[tensor([[0.7591]]), tensor([[0.8016]]), tensor([[0.8255]]), tensor([[0.7986]]), tensor([[0.8066]]), tensor([[0.8111]]), tensor([[0.8040]]), tensor([[0.8213]]), tensor([[0.8155]]), tensor([[0.8117]]), tensor([[0.8033]]), tensor([[0.7936]]), tensor([[0.7677]]), tensor([[0.7720]]), tensor([[0.7883]]), tensor([[0.7737]]), tensor([[0.7769]]), tensor([[0.7757]]), tensor([[0.7765]]), tensor([[0.7733]]), tensor([[0.7756]]), tensor([[0.7743]]), tensor([[0.7719]]), tensor([[0.7817]]), tensor([[0.7839]])]",0,6,0.014814814814814815
304,gpt-4-1106-preview,Slogans,102,9,It takes two hands to hold a Whopper,"['It', ' takes', ' two', ' hands']","['to', ' clap', '.']","[' to', ' hold', ' a']",1.0,to clap., to hold a Whopper,tensor([[0.8258]]),3,"[tensor([[0.7735]]), tensor([[0.7911]]), tensor([[0.8258]])]",0,6,0.014814814814814815
307,gpt-4-1106-preview,Slogans,103,5,Wake up with the King,['Wake'],"['up', ',', ' make', ' up']","[' up', ' with', ' the', ' King']",1.0,"up, make up, and show up.", up with the King,tensor([[0.8522]]),2,"[tensor([[0.7669]]), tensor([[0.8522]]), tensor([[0.8472]]), tensor([[0.8281]]), tensor([[0.8292]]), tensor([[0.8363]]), tensor([[0.8292]])]",0,4,0.014814814814814815
310,gpt-4-1106-preview,Slogans,104,9,"Burger King, Home of the Whopper","['B', 'urger', ' King']","['Have', ' it', ' your', ' way', '.']","[',', ' Home', ' of', ' the', ' Wh']",1.0,Have it your way.,", Home of the Whopper",tensor([[0.7932]]),4,"[tensor([[0.7717]]), tensor([[0.7877]]), tensor([[0.7895]]), tensor([[0.7932]]), tensor([[0.7695]])]",0,7,0.014814814814814815
313,gpt-4-1106-preview,Slogans,105,5,We Have the Meats,"['We', ' Have']","['Nothing', ' to', ' Fear']","[' the', ' Me', 'ats']",1.0,Nothing to Fear But Fear Itself., the Meats,tensor([[0.7870]]),2,"[tensor([[0.7853]]), tensor([[0.7870]]), tensor([[0.7762]]), tensor([[0.7698]]), tensor([[0.7668]]), tensor([[0.7588]]), tensor([[0.7605]])]",0,4,0.014814814814814815
316,gpt-4-1106-preview,Slogans,106,14,Arby’s. Now That Your Tastes Have Grown Up!,"['Ar', 'by', '’s', '.', ' Now', ' That']","['Ar', 'by', '’s', '.', ' Now', ' that', ""'s"", ' different']","[' Your', ' T', 'astes', ' Have', ' G', 'rown', ' Up', '!']",1.0,Arby’s. Now that's different!, Your Tastes Have Grown Up!,tensor([[0.8222]]),5,"[tensor([[0.7652]]), tensor([[0.8021]]), tensor([[0.8132]]), tensor([[0.8177]]), tensor([[0.8222]])]",0,13,0.014814814814814815
319,gpt-4-1106-preview,Slogans,107,6,What are you eating today?,"['What', ' are', ' you']","['going', ' to', ' do']","[' eating', ' today', '?']",1.0,"going to do about it?"" This phrase can be used to challenge someone or to ask about their plans for action in response to a situation. However, it's worth noting that without the proper context it's hard to know exactly which popular slogan you're", eating today?,tensor([[0.8119]]),3,"[tensor([[0.7745]]), tensor([[0.7980]]), tensor([[0.8119]]), tensor([[0.8043]]), tensor([[0.7966]]), tensor([[0.7891]]), tensor([[0.7833]]), tensor([[0.7751]]), tensor([[0.7852]]), tensor([[0.7844]]), tensor([[0.7762]]), tensor([[0.7780]]), tensor([[0.7733]]), tensor([[0.7706]]), tensor([[0.7733]]), tensor([[0.7705]]), tensor([[0.7723]]), tensor([[0.7722]]), tensor([[0.7736]]), tensor([[0.7702]]), tensor([[0.7708]]), tensor([[0.7684]]), tensor([[0.7681]]), tensor([[0.7655]]), tensor([[0.7654]]), tensor([[0.7685]]), tensor([[0.7739]]), tensor([[0.7742]]), tensor([[0.7719]]), tensor([[0.7756]]), tensor([[0.7716]]), tensor([[0.7708]]), tensor([[0.7678]]), tensor([[0.7697]]), tensor([[0.7708]]), tensor([[0.7720]]), tensor([[0.7747]]), tensor([[0.7722]]), tensor([[0.7715]]), tensor([[0.7759]]), tensor([[0.7783]]), tensor([[0.7756]]), tensor([[0.7756]]), tensor([[0.7692]]), tensor([[0.7739]])]",0,5,0.014814814814814815
322,gpt-4-1106-preview,Slogans,108,5,It’s Good Mood Food,['It'],"['It', ' is', ' difficult', ' to']","['’s', ' Good', ' Mood', ' Food']",1.0,"It is difficult to complete the sentence accurately without additional context; however, one popular slogan that starts with ""It"" is:

""It's more fun in the Philippines."" - This slogan is used to promote the Philippines as a tourist destination.",’s Good Mood Food,tensor([[0.7744]]),3,"[tensor([[0.7631]]), tensor([[0.7720]]), tensor([[0.7744]]), tensor([[0.7266]]), tensor([[0.7391]]), tensor([[0.7363]]), tensor([[0.7439]]), tensor([[0.7366]]), tensor([[0.7449]]), tensor([[0.7541]]), tensor([[0.7460]]), tensor([[0.7394]]), tensor([[0.7350]]), tensor([[0.7420]]), tensor([[0.7582]]), tensor([[0.7506]]), tensor([[0.7529]]), tensor([[0.7524]]), tensor([[0.7560]]), tensor([[0.7472]]), tensor([[0.7428]]), tensor([[0.7339]]), tensor([[0.7470]]), tensor([[0.7457]]), tensor([[0.7511]]), tensor([[0.7419]]), tensor([[0.7423]]), tensor([[0.7459]]), tensor([[0.7449]]), tensor([[0.7421]]), tensor([[0.7397]]), tensor([[0.7391]]), tensor([[0.7369]]), tensor([[0.7367]]), tensor([[0.7370]]), tensor([[0.7340]]), tensor([[0.7346]]), tensor([[0.7350]]), tensor([[0.7353]])]",0,4,0.014814814814814815
325,gpt-4-1106-preview,Slogans,109,11,Fresh. Smooth. Real. It’s all here.,"['Fresh', '.', ' Smooth', '.']","['Real', '.', ' It', ""'s"", ' Miller', ' Time', '.']","[' Real', '.', ' It', '’s', ' all', ' here', '.']",0.5714285714285714,Real. It's Miller Time., Real. It’s all here.,tensor([[0.9122]]),3,"[tensor([[0.7921]]), tensor([[0.9087]]), tensor([[0.9122]]), tensor([[0.8829]]), tensor([[0.8926]])]",0,10,0.014814814814814815
328,gpt-4-1106-preview,Slogans,110,8,Be yourself and make it a Bud Light,['Be'],"['all', ' you', ' can', ' be', '.']","[' yourself', ' and', ' make', ' it', ' a']",1.0,all you can be., yourself and make it a Bud Light,tensor([[0.8003]]),1,"[tensor([[0.8003]]), tensor([[0.7736]]), tensor([[0.7790]]), tensor([[0.7943]]), tensor([[0.7935]])]",0,5,0.014814814814814815
331,gpt-4-1106-preview,Slogans,111,5,Make it a Bud Light,['Make'],"['America', ' Great', ' Again']","[' it', ' a', ' Bud']",1.0,America Great Again, it a Bud Light,tensor([[0.8020]]),1,"[tensor([[0.8020]]), tensor([[0.7777]]), tensor([[0.7814]]), tensor([[0.7768]])]",0,3,0.014814814814814815
334,gpt-4-1106-preview,Slogans,112,6,Everything else is just a light,['Everything'],"['Everything', ' happens', ' for', ' a', ' reason']","[' else', ' is', ' just', ' a', ' light']",0.8,Everything happens for a reason., else is just a light,tensor([[0.8164]]),5,"[tensor([[0.8059]]), tensor([[0.7993]]), tensor([[0.7938]]), tensor([[0.7889]]), tensor([[0.8164]]), tensor([[0.8102]])]",0,5,0.014814814814814815
337,gpt-4-1106-preview,Slogans,113,4,Wassup?,['W'],"['hat', ' happens', ' in']","['ass', 'up', '?']",1.0,"hat happens in Vegas, stays in Vegas.",assup?,tensor([[0.7963]]),4,"[tensor([[0.7957]]), tensor([[0.7575]]), tensor([[0.7836]]), tensor([[0.7963]]), tensor([[0.7627]]), tensor([[0.7525]]), tensor([[0.7588]]), tensor([[0.7483]])]",0,3,0.014814814814814815
343,gpt-4-1106-preview,Slogans,115,3,Always Low Prices,['Always'],"['Keep', ' Fighting']","[' Low', ' Prices']",1.0,Keep Fighting., Low Prices,tensor([[0.7993]]),1,"[tensor([[0.7993]]), tensor([[0.7651]]), tensor([[0.7439]])]",0,2,0.014814814814814815
346,gpt-4-1106-preview,Slogans,116,3,Just Do It,['Just'],"['Do', ' It']","[' Do', ' It']",0.5,Do It. (popularized by Nike), Do It,tensor([[0.9724]]),3,"[tensor([[0.7830]]), tensor([[0.9140]]), tensor([[0.9724]]), tensor([[0.9315]]), tensor([[0.9312]]), tensor([[0.8945]])]",0,2,0.014814814814814815
349,gpt-4-1106-preview,Slogans,117,4,Yesterday you said tomorrow,"['Yesterday', ' you']","['Yesterday', ' you']","[' said', ' tomorrow']",1.0,Yesterday you said tomorrow. Just do it!, said tomorrow,tensor([[0.9315]]),5,"[tensor([[0.7834]]), tensor([[0.8554]]), tensor([[0.8492]]), tensor([[0.8952]]), tensor([[0.9315]]), tensor([[0.9112]]), tensor([[0.8734]]), tensor([[0.8667]])]",0,3,0.014814814814814815
352,gpt-4-1106-preview,Slogans,118,2,Be Legendary,['Be'],['Be'],[' Legendary'],1.0,Be yourself; everyone else is already taken., Legendary,tensor([[0.8097]]),2,"[tensor([[0.7975]]), tensor([[0.8097]]), tensor([[0.7801]]), tensor([[0.7935]]), tensor([[0.7877]]), tensor([[0.7863]]), tensor([[0.7826]]), tensor([[0.7728]])]",0,1,0.014814814814814815
355,gpt-4-1106-preview,Slogans,119,9,I run like a girl. Keep up.,"['I', ' run', ' like', ' a']","['De', 'er', '.']","[' girl', '.', ' Keep']",1.0,Deer., girl. Keep up.,tensor([[0.7892]]),2,"[tensor([[0.7836]]), tensor([[0.7892]])]",0,6,0.014814814814814815
358,gpt-4-1106-preview,Slogans,120,4,Test Your Faith Daily,"['Test', ' Your']","['Test', ' Your']","[' Faith', ' Daily']",1.0,Test Your Might., Faith Daily,tensor([[0.7855]]),3,"[tensor([[0.7818]]), tensor([[0.7777]]), tensor([[0.7855]]), tensor([[0.7715]])]",0,3,0.014814814814814815
361,gpt-4-1106-preview,Slogans,121,5,Make Yourself Unstoppable,['Make'],"['America', ' Great', ' Again', '.']","[' Yourself', ' Un', 'st', 'oppable']",1.0,America Great Again., Yourself Unstoppable,tensor([[0.7964]]),4,"[tensor([[0.7861]]), tensor([[0.7309]]), tensor([[0.7712]]), tensor([[0.7964]])]",0,4,0.014814814814814815
364,gpt-4-1106-preview,Slogans,122,11,Don’t run away from challenges. Run over them.,['Don'],"[""'t"", ' worry', ',', ' be', ' happy', '.']","['’t', ' run', ' away', ' from', ' challenges', '.']",0.8333333333333334,"'t worry, be happy.",’t run away from challenges. Run over them.,tensor([[0.8114]]),4,"[tensor([[0.7576]]), tensor([[0.7661]]), tensor([[0.8024]]), tensor([[0.8114]]), tensor([[0.7918]])]",0,6,0.014814814814814815
367,gpt-4-1106-preview,Slogans,123,8,Think training is hard. Try losing.,"['Think', ' training', ' is', ' hard']","['?', ' Try', ' losing', '.']","['.', ' Try', ' losing', '.']",0.25,? Try losing.,. Try losing.,tensor([[0.9887]]),4,"[tensor([[0.7546]]), tensor([[0.7977]]), tensor([[0.8765]]), tensor([[0.9887]])]",0,7,0.014814814814814815
370,gpt-4-1106-preview,Slogans,124,8,Taking it easy won’t take you anywhere,"['Taking', ' it']","['Taking', ' it', ' one', ' day', ' at', ' a']","[' easy', ' won', '’t', ' take', ' you', ' anywhere']",1.0,Taking it one day at a time., easy won’t take you anywhere,tensor([[0.7937]]),2,"[tensor([[0.7790]]), tensor([[0.7937]]), tensor([[0.7931]]), tensor([[0.7803]]), tensor([[0.7791]]), tensor([[0.7793]]), tensor([[0.7763]]), tensor([[0.7524]])]",0,7,0.014814814814814815
373,gpt-4-1106-preview,Slogans,125,2,Leave nothing,['Leave'],['Leave'],[' nothing'],1.0,Leave no trace., nothing,tensor([[0.8583]]),3,"[tensor([[0.8287]]), tensor([[0.8233]]), tensor([[0.8583]]), tensor([[0.8461]])]",0,1,0.014814814814814815
376,gpt-4-1106-preview,Slogans,126,11,Obsessed is a word the lazy use to describe dedicated,"['Obs', 'essed', ' is', ' a', ' word']","['the', ' lazy', ' use', ' to', ' describe', ' the']","[' the', ' lazy', ' use', ' to', ' describe', ' dedicated']",0.3333333333333333,the lazy use to describe the dedicated., the lazy use to describe dedicated,tensor([[0.9811]]),8,"[tensor([[0.7957]]), tensor([[0.8092]]), tensor([[0.8800]]), tensor([[0.9018]]), tensor([[0.9090]]), tensor([[0.9457]]), tensor([[0.9457]]), tensor([[0.9811]])]",0,10,0.014814814814814815
379,gpt-4-1106-preview,Slogans,127,6,Work hard. Dream big.,"['Work', ' hard', '.']","['Play', ' hard', '.']","[' Dream', ' big', '.']",0.6666666666666666,Play hard., Dream big.,tensor([[0.8487]]),3,"[tensor([[0.7925]]), tensor([[0.7871]]), tensor([[0.8487]])]",0,5,0.014814814814814815
382,gpt-4-1106-preview,Slogans,128,6,Ran sounds better than run,['R'],"['ed', ' Bull', ' gives', ' you', ' wings']","['an', ' sounds', ' better', ' than', ' run']",1.0,ed Bull gives you wings.,an sounds better than run,tensor([[0.7772]]),1,"[tensor([[0.7772]]), tensor([[0.7528]]), tensor([[0.7486]]), tensor([[0.7608]]), tensor([[0.7769]]), tensor([[0.7756]])]",0,5,0.014814814814814815
385,gpt-4-1106-preview,Slogans,129,5,There is no finish line,['There'],"[""'s"", ' no', ' place', ' like']","[' is', ' no', ' finish', ' line']",0.75,'s no place like home., is no finish line,tensor([[0.8521]]),3,"[tensor([[0.8017]]), tensor([[0.8011]]), tensor([[0.8521]]), tensor([[0.8287]]), tensor([[0.8245]]), tensor([[0.7989]])]",0,4,0.014814814814814815
388,gpt-4-1106-preview,Slogans,130,5,Run more than your mouth,['Run'],"['your', ' own', ' race', '.']","[' more', ' than', ' your', ' mouth']",1.0,your own race., more than your mouth,tensor([[0.8326]]),2,"[tensor([[0.7971]]), tensor([[0.8326]]), tensor([[0.8291]]), tensor([[0.8218]])]",0,4,0.014814814814814815
391,gpt-4-1106-preview,Slogans,131,3,Impossible is Nothing,['Impossible'],"['is', ' nothing']","[' is', ' Nothing']",1.0,is nothing., is Nothing,tensor([[0.9681]]),3,"[tensor([[0.7965]]), tensor([[0.8855]]), tensor([[0.9681]])]",0,2,0.014814814814814815
394,gpt-4-1106-preview,Slogans,132,5,Adidas is all in,['Ad'],"['idas', ' is', ' all', ' in']","['idas', ' is', ' all', ' in']",0.0,idas is all in.,idas is all in,tensor([[0.9868]]),5,"[tensor([[0.7587]]), tensor([[0.9281]]), tensor([[0.9410]]), tensor([[0.9735]]), tensor([[0.9868]])]",0,4,0.014814814814814815
397,gpt-4-1106-preview,Slogans,133,4,Conquer the Concrete,"['Con', 'quer']","['Con', 'quer']","[' the', ' Concrete']",1.0,Conquer your fears., the Concrete,tensor([[0.8004]]),1,"[tensor([[0.8004]]), tensor([[0.7678]]), tensor([[0.7713]]), tensor([[0.7747]])]",0,3,0.014814814814814815
400,gpt-4-1106-preview,Slogans,134,6,Believe in 5ive,['Bel'],"['ieve', ' in', ' yourself', '.']","['ieve', ' in', ' ', '5']",0.5,ieve in yourself.,ieve in 5ive,tensor([[0.9389]]),3,"[tensor([[0.7898]]), tensor([[0.9246]]), tensor([[0.9389]]), tensor([[0.8756]])]",0,4,0.014814814814814815
403,gpt-4-1106-preview,Slogans,135,10,Dear Self: No one becomes a champion by accident,"['Dear', ' Self', ':']","['Your', ' prompt', ' ""', 'Dear', ' Self', ':""', ' seems']","[' No', ' one', ' becomes', ' a', ' champion', ' by', ' accident']",1.0,"Your prompt ""Dear Self:"" seems to suggest the beginning of a personal affirmation or message rather than a widely recognized slogan. Since it is not clear what slogan you're referring to, I'll suggest a way to complete the sentence in a manner that could", No one becomes a champion by accident,tensor([[0.7934]]),1,"[tensor([[0.7934]]), tensor([[0.7525]]), tensor([[0.7667]]), tensor([[0.7432]]), tensor([[0.7657]]), tensor([[0.7553]]), tensor([[0.7655]]), tensor([[0.7697]]), tensor([[0.7591]]), tensor([[0.7696]]), tensor([[0.7632]]), tensor([[0.7620]]), tensor([[0.7598]]), tensor([[0.7596]]), tensor([[0.7529]]), tensor([[0.7485]]), tensor([[0.7530]]), tensor([[0.7609]]), tensor([[0.7608]]), tensor([[0.7577]]), tensor([[0.7642]]), tensor([[0.7676]]), tensor([[0.7610]]), tensor([[0.7592]]), tensor([[0.7592]]), tensor([[0.7612]]), tensor([[0.7619]]), tensor([[0.7607]]), tensor([[0.7617]]), tensor([[0.7604]]), tensor([[0.7654]]), tensor([[0.7669]]), tensor([[0.7632]]), tensor([[0.7619]]), tensor([[0.7596]]), tensor([[0.7597]]), tensor([[0.7583]]), tensor([[0.7578]]), tensor([[0.7564]]), tensor([[0.7595]]), tensor([[0.7594]]), tensor([[0.7567]]), tensor([[0.7578]]), tensor([[0.7555]]), tensor([[0.7567]])]",0,9,0.014814814814814815
